code,name,type,level,gear_score,attack_air (val),attack_earth (val),attack_fire (val),attack_water (val),dmg (val),dmg_air (val),dmg_earth (val),dmg_fire (val),dmg_water (val),res_air (val),res_earth (val),res_fire (val),res_water (val),haste (val),hp (val),alchemy (val),critical_strike (val),fishing (val),initiative (val),inventory_space (val),mining (val),prospecting (val),threat (val),wisdom (val),woodcutting (val),attack_air (wt),attack_earth (wt),attack_fire (wt),attack_water (wt),dmg (wt),dmg_air (wt),dmg_earth (wt),dmg_fire (wt),dmg_water (wt),res_air (wt),res_earth (wt),res_fire (wt),res_water (wt),haste (wt),hp (wt),alchemy (wt),critical_strike (wt),fishing (wt),initiative (wt),inventory_space (wt),mining (wt),prospecting (wt),threat (wt),wisdom (wt),woodcutting (wt),attack_air (contrib),attack_earth (contrib),attack_fire (contrib),attack_water (contrib),dmg (contrib),dmg_air (contrib),dmg_earth (contrib),dmg_fire (contrib),dmg_water (contrib),res_air (contrib),res_earth (contrib),res_fire (contrib),res_water (contrib),haste (contrib),hp (contrib),alchemy (contrib),critical_strike (contrib),fishing (contrib),initiative (contrib),inventory_space (contrib),mining (contrib),prospecting (contrib),threat (contrib),wisdom (contrib),woodcutting (contrib),craft_skill,craft_level
life_amulet,Life Amulet,amulet,5,15.0,,,,,,,,,,,,,,,30,,,,,,,,,,,,,,,,,,,,,,,,,0.5,,,,,,,,,,,,,,,,,,,,,,,,,15.0,,,,,,,,,,,jewelrycrafting,5
fire_and_earth_amulet,Fire & Earth Amulet,amulet,10,30.0,,,,,,,5,5,,,,,,,20,,,,,,,,,,,,,,,,,2,2,,,,,,,0.5,,,,,,,,,,,,,,,,,10.0,10.0,,,,,,,10.0,,,,,,,,,,,jewelrycrafting,10
air_and_water_amulet,Air & Water Amulet,amulet,10,30.0,,,,,,5,,,5,,,,,,20,,,,,,,,,,,,,,,,2,,,2,,,,,,0.5,,,,,,,,,,,,,,,,10.0,,,10.0,,,,,,10.0,,,,,,,,,,,jewelrycrafting,10
wisdom_amulet,Wisdom Amulet,amulet,15,27.0,,,,,,,,,,,,,,,30,,,,,,,,,60,,,,,,,,,,,,,,,,0.5,,,,,,,,,0.2,,,,,,,,,,,,,,,,15.0,,,,,,,,,12.0,,jewelrycrafting,15
dreadful_amulet,Dreadful Amulet,amulet,20,60.0,,,,,,,10,,10,,,,,,40,,,,,,,,,,,,,,,,,2,,2,,,,,,0.5,,,,,,,,,,,,,,,,,20.0,,20.0,,,,,,20.0,,,,,,,,,,,jewelrycrafting,20
skull_amulet,Skull Amulet,amulet,20,60.0,,,,,,10,,10,,,,,,,40,,,,,,,,,,,,,,,,2,,2,,,,,,,0.5,,,,,,,,,,,,,,,,20.0,,20.0,,,,,,,20.0,,,,,,,,,,,jewelrycrafting,20
topaz_amulet,Topaz Amulet,amulet,25,81.0,,,,,,,18,,,,,,,,70,,,,50,,,,,,,,,,,,,2,,,,,,,,0.5,,,,0.2,,,,,,,,,,,,,36.0,,,,,,,,35.0,,,,10.0,,,,,,,jewelrycrafting,25
emerald_amulet,Emerald Amulet,amulet,25,81.0,,,,,,18,,,,,,,,,70,,,,50,,,,,,,,,,,,2,,,,,,,,,0.5,,,,0.2,,,,,,,,,,,,36.0,,,,,,,,,35.0,,,,10.0,,,,,,,jewelrycrafting,25
sapphire_amulet,Sapphire Amulet,amulet,25,81.0,,,,,,,,,18,,,,,,70,,,,50,,,,,,,,,,,,,,,2,,,,,,0.5,,,,0.2,,,,,,,,,,,,,,,36.0,,,,,,35.0,,,,10.0,,,,,,,jewelrycrafting,25
ruby_amulet,Ruby Amulet,amulet,25,81.0,,,,,,,,18,,,,,,,70,,,,50,,,,,,,,,,,,,,2,,,,,,,0.5,,,,0.2,,,,,,,,,,,,,,36.0,,,,,,,35.0,,,,10.0,,,,,,,jewelrycrafting,25
greater_dreadful_amulet,Greater Dreadful Amulet,amulet,30,105.0,,,,,,,15,,15,,,,,,90,,,,,,,,,,,,,,,,,2,,2,,,,,,0.5,,,,,,,,,,,,,,,,,30.0,,30.0,,,,,,45.0,,,,,,,,,,,jewelrycrafting,30
lost_amulet,Lost Amulet,amulet,30,105.0,,,,,,15,,15,,,,,,,90,,,,,,,,,,,,,,,,2,,2,,,,,,,0.5,,,,,,,,,,,,,,,,30.0,,30.0,,,,,,,45.0,,,,,,,,,,,jewelrycrafting,30
prospecting_amulet,Prospecting Amulet,amulet,30,70.0,,,,,5,,,,,,,,,,100,,,,,,,100,,,,,,,,2,,,,,,,,,,0.5,,,,,,,0.1,,,,,,,,10.0,,,,,,,,,,50.0,,,,,,,10.0,,,,jewelrycrafting,30
diamond_amulet,Diamond Amulet,amulet,35,110.0,,,,,,,10,,20,,,,,,100,,,,,,,,,,,,,,,,,2,,2,,,,,,0.5,,,,,,,,,,,,,,,,,20.0,,40.0,,,,,,50.0,,,,,,,,,,,jewelrycrafting,35
corrupted_stone_amulet,Corrupted Stone Amulet,amulet,35,110.0,,,,,,10,,20,,,,,,,100,,,,,,,,,,,,,,,,2,,2,,,,,,,0.5,,,,,,,,,,,,,,,,20.0,,40.0,,,,,,,50.0,,,,,,,,,,,jewelrycrafting,35
masterful_necklace,Masterful Necklace,amulet,35,110.0,,,,,,,20,10,,,,,,,100,,,,,,,,,,,,,,,,,2,2,,,,,,,0.5,,,,,,,,,,,,,,,,,40.0,20.0,,,,,,,50.0,,,,,,,,,,,jewelrycrafting,35
ancestral_talisman,Ancestral Talisman,amulet,35,110.0,,,,,,20,,,10,,,,,,100,,,,,,,,,,,,,,,,2,,,2,,,,,,0.5,,,,,,,,,,,,,,,,40.0,,,20.0,,,,,,50.0,,,,,,,,,,,jewelrycrafting,35
greater_emerald_amulet,Greater Emerald Amulet,amulet,40,148.0,,,,,,30,,,,,,,,,130,,3,,100,,,,,,,,,,,,2,,,,,,,,,0.5,,1,,0.2,,,,,,,,,,,,60.0,,,,,,,,,65.0,,3.0,,20.0,,,,,,,jewelrycrafting,40
greater_sapphire_amulet,Greater Sapphire Amulet,amulet,40,148.0,,,,,,,,,30,,,,,,130,,3,,100,,,,,,,,,,,,,,,2,,,,,,0.5,,1,,0.2,,,,,,,,,,,,,,,60.0,,,,,,65.0,,3.0,,20.0,,,,,,,jewelrycrafting,40
greater_topaz_amulet,Greater Topaz Amulet,amulet,40,148.0,,,,,,,30,,,,,,,,130,,3,,100,,,,,,,,,,,,,2,,,,,,,,0.5,,1,,0.2,,,,,,,,,,,,,60.0,,,,,,,,65.0,,3.0,,20.0,,,,,,,jewelrycrafting,40
greater_ruby_amulet,Greater Ruby Amulet,amulet,40,148.0,,,,,,,,30,,,,,,,130,,3,,100,,,,,,,,,,,,,,2,,,,,,,0.5,,1,,0.2,,,,,,,,,,,,,,60.0,,,,,,,65.0,,3.0,,20.0,,,,,,,jewelrycrafting,40
heart_amulet,Heart Amulet,amulet,50,270.0,,,,,20,,,,,,,,,,350,,,,250,,,,5,,,,,,,2,,,,,,,,,,0.5,,,,0.2,,,,1,,,,,,,40.0,,,,,,,,,,175.0,,,,50.0,,,,5.0,,,jewelrycrafting,50
dust_amulet,Dust Amulet,amulet,50,195.0,,,,,30,,,5,,,,,,,200,,5,,100,,,,,,,,,,,2,,,2,,,,,,,0.5,,1,,0.2,,,,,,,,,,,60.0,,,10.0,,,,,,,100.0,,5.0,,20.0,,,,,,,jewelrycrafting,50
satchel,Satchel,bag,5,15.0,,,,,,,,,,,,,,,,,,,,15,,,,,,,,,,,,,,,,,,,,,,,,,1,,,,,,,,,,,,,,,,,,,,,,,,,15.0,,,,,,gearcrafting,5
backpack,Backpack,bag,10,35.0,,,,,,,,,,,,,,,,,,,,35,,,,,,,,,,,,,,,,,,,,,,,,,1,,,,,,,,,,,,,,,,,,,,,,,,,35.0,,,,,,,
sandwhisper_bag,Sandwhisper Bag,bag,50,50.0,,,,,,,,,,,,,,,,,,,,50,,,,,,,,,,,,,,,,,,,,,,,,,1,,,,,,,,,,,,,,,,,,,,,,,,,50.0,,,,,,,
feather_coat,Feather Coat,body_armor,5,32.5,,,,,,5,,,5,,,,,,25,,,,,,,,,,,,,,,,2,,,2,,,,,,0.5,,,,,,,,,,,,,,,,10.0,,,10.0,,,,,,12.5,,,,,,,,,,,gearcrafting,5
copper_armor,Copper Armor,body_armor,5,32.5,,,,,,,5,5,,,,,,,25,,,,,,,,,,,,,,,,,2,2,,,,,,,0.5,,,,,,,,,,,,,,,,,10.0,10.0,,,,,,,12.5,,,,,,,,,,,gearcrafting,5
leather_armor,Leather Armor,body_armor,10,63.0,,,,,,8,,,8,,2,2,,,50,,,,,,,,,,,,,,,,2,,,2,,1.5,1.5,,,0.5,,,,,,,,,,,,,,,,16.0,,,16.0,,3.0,3.0,,,25.0,,,,,,,,,,,gearcrafting,10
iron_armor,Iron Armor,body_armor,10,63.0,,,,,,,8,8,,2,,,2,,50,,,,,,,,,,,,,,,,,2,2,,1.5,,,1.5,,0.5,,,,,,,,,,,,,,,,,16.0,16.0,,3.0,,,3.0,,25.0,,,,,,,,,,,gearcrafting,10
adventurer_vest,Adventurer Vest,body_armor,10,46.0,,,,,6,,,,,,,,,,60,,,,,,,,,20,,,,,,2,,,,,,,,,,0.5,,,,,,,,,0.2,,,,,,12.0,,,,,,,,,,30.0,,,,,,,,,4.0,,gearcrafting,10
mushmush_jacket,Mushmush Jacket,body_armor,15,55.0,,,,,10,,,,,,,,,,60,,3,,,,,,,10,,,,,,2,,,,,,,,,,0.5,,1,,,,,,,0.2,,,,,,20.0,,,,,,,,,,30.0,,3.0,,,,,,,2.0,,gearcrafting,15
hard_leather_armor,Hard Leather Armor,body_armor,20,125.0,,,,,,15,15,,,5,,5,,,90,,,,25,,,,,,,,,,,,2,2,,,1.5,,1.5,,,0.5,,,,0.2,,,,,,,,,,,,30.0,30.0,,,7.5,,7.5,,,45.0,,,,5.0,,,,,,,gearcrafting,20
steel_armor,Steel Armor,body_armor,20,120.0,,,,,,,15,,15,,5,,5,,90,,,,,,,,,,,,,,,,,2,,2,,1.5,,1.5,,0.5,,,,,,,,,,,,,,,,,30.0,,30.0,,7.5,,7.5,,45.0,,,,,,,,,,,gearcrafting,20
skeleton_armor,Skeleton Armor,body_armor,20,120.0,,,,,,15,,15,,5,,5,,,90,,,,,,,,,,,,,,,,2,,2,,1.5,,1.5,,,0.5,,,,,,,,,,,,,,,,30.0,,30.0,,7.5,,7.5,,,45.0,,,,,,,,,,,gearcrafting,20
bandit_armor,Bandit Armor,body_armor,25,193.0,,,,,,,20,20,,,6,,6,,160,,5,,50,,,,,,,,,,,,,2,2,,,1.5,,1.5,,0.5,,1,,0.2,,,,,,,,,,,,,40.0,40.0,,,9.0,,9.0,,80.0,,5.0,,10.0,,,,,,,,
snakeskin_armor,Snakeskin Armor,body_armor,25,157.5,,,,,,22,,,,10,5,,,,150,,,,50,,,,,30,,,,,,,2,,,,1.5,1.5,,,,0.5,,,,0.2,,,,,0.2,,,,,,,44.0,,,,15.0,7.5,,,,75.0,,,,10.0,,,,,6.0,,gearcrafting,25
stormforged_armor,Stormforged Armor,body_armor,25,149.5,,,,,,,22,,,,10,,5,,150,,,,25,,,30,,,,,,,,,,2,,,,1.5,,1.5,,0.5,,,,0.2,,,0.1,,,,,,,,,,44.0,,,,15.0,,7.5,,75.0,,,,5.0,,,3.0,,,,gearcrafting,25
piggy_armor,Piggy Armor,body_armor,25,147.5,,,,,,,,22,,,5,10,,,150,,,,,,,,,30,,,,,,,,,2,,,1.5,1.5,,,0.5,,,,,,,,,0.2,,,,,,,,,44.0,,,7.5,15.0,,,75.0,,,,,,,,,6.0,,gearcrafting,25
lizard_skin_armor,Lizard Skin Armor,body_armor,25,144.5,,,,,,,,,22,,,5,10,,150,,,,,,,30,,,,,,,,,,,,2,,,1.5,1.5,,0.5,,,,,,,0.1,,,,,,,,,,,,44.0,,,7.5,15.0,,75.0,,,,,,,3.0,,,,gearcrafting,25
gold_platebody,Gold Platebody,body_armor,30,178.0,,,,,,,20,,20,,6,,6,,150,,,,,,,,5,,,,,,,,,2,,2,,1.5,,1.5,,0.5,,,,,,,,1,,,,,,,,,40.0,,40.0,,9.0,,9.0,,75.0,,,,,,,,5.0,,,gearcrafting,30
royal_skeleton_armor,Royal Skeleton Armor,body_armor,30,173.0,,,,,,20,,20,,6,,6,,,150,,,,,,,,,,,,,,,,2,,2,,1.5,,1.5,,,0.5,,,,,,,,,,,,,,,,40.0,,40.0,,9.0,,9.0,,,75.0,,,,,,,,,,,gearcrafting,30
obsidian_armor,Obsidian Armor,body_armor,30,167.5,,,,,,20,20,,,,,8,5,,180,,,,,-25,,,3,,,,,,,,2,2,,,,,1.5,1.5,,0.5,,,,,1,,,1,,,,,,,,40.0,40.0,,,,,12.0,7.5,,90.0,,,,,-25.0,,,3.0,,,gearcrafting,30
conjurer_cloak,Conjurer Cloak,body_armor,30,130.0,,,,,18,,,,,,,,,,150,,5,,,,,,4,50,,,,,,2,,,,,,,,,,0.5,,1,,,,,,1,0.2,,,,,,36.0,,,,,,,,,,75.0,,5.0,,,,,,4.0,10.0,,gearcrafting,30
strangold_armor,Strangold Armor,body_armor,35,192.0,,,,,,24,,,18,,,6,6,,150,,,,50,,,,5,,,,,,,,2,,,2,,,1.5,1.5,,0.5,,,,0.2,,,,1,,,,,,,,48.0,,,36.0,,,9.0,9.0,,75.0,,,,10.0,,,,5.0,,,gearcrafting,35
malefic_armor,Malefic Armor,body_armor,35,170.0,,,,,,,,26,,,,10,,,170,,5,,50,,,,3,,,,,,,,,,2,,,,1.5,,,0.5,,1,,0.2,,,,1,,,,,,,,,,52.0,,,,15.0,,,85.0,,5.0,,10.0,,,,3.0,,,gearcrafting,35
dreadful_armor,Dreadful Armor,body_armor,35,157.0,,,,,,,,,26,,,,10,,170,,5,,,,,,,,,,,,,,,,,2,,,,1.5,,0.5,,1,,,,,,,,,,,,,,,,,52.0,,,,15.0,,85.0,,5.0,,,,,,,,,gearcrafting,35
mithril_platebody,Mithril Platebody,body_armor,40,245.0,,,,,,,,25,22,,8,8,,,200,,,,100,,,30,4,,,,,,,,,,2,2,,1.5,1.5,,,0.5,,,,0.2,,,0.1,1,,,,,,,,,,50.0,44.0,,12.0,12.0,,,100.0,,,,20.0,,,3.0,4.0,,,gearcrafting,40
cultist_cloak,Cultist Cloak,body_armor,40,230.0,,,,,,28,,20,,7,,,7,,180,,,,100,,,30,,,,,,,,,2,,2,,1.5,,,1.5,,0.5,,,,0.2,,,0.1,,,,,,,,,56.0,,40.0,,10.5,,,10.5,,90.0,,,,20.0,,,3.0,,,,gearcrafting,40
wratharmor,Wratharmor,body_armor,40,210.0,,,,,,,20,,28,7,,,7,,180,,,,,,,30,,,,,,,,,,2,,2,1.5,,,1.5,,0.5,,,,,,,0.1,,,,,,,,,,40.0,,56.0,10.5,,,10.5,,90.0,,,,,,,3.0,,,,gearcrafting,40
white_knight_armor,White Knight Armor,body_armor,40,210.0,,,,,,20,28,,,,7,7,,,180,,,,,,,30,,,,,,,,,2,2,,,,1.5,1.5,,,0.5,,,,,,,0.1,,,,,,,,,40.0,56.0,,,,10.5,10.5,,,90.0,,,,,,,3.0,,,,gearcrafting,40
darkforged_plate,Darkforged Plate,body_armor,45,249.0,,,,,,,,30,30,,,,,,200,,5,,70,,,60,4,,,,,,,,,,2,2,,,,,,0.5,,1,,0.2,,,0.1,1,,,,,,,,,,60.0,60.0,,,,,,100.0,,5.0,,14.0,,,6.0,4.0,,,gearcrafting,45
sand_snakeskin_armor,Sand Snakeskin Armor,body_armor,45,221.0,,,,,5,25,,,,7,,,7,,230,,3,,100,,,,2,,,,,,,2,2,,,,1.5,,,1.5,,0.5,,1,,0.2,,,,1,,,,,,,10.0,50.0,,,,10.5,,,10.5,,115.0,,3.0,,20.0,,,,2.0,,,gearcrafting,45
mesh_armor,Mesh Armor,body_armor,45,188.0,,,,,,,35,,,7,,,7,,200,,7,,,-10,,,,,,,,,,,,2,,,1.5,,,1.5,,0.5,,1,,,1,,,,,,,,,,,,70.0,,,10.5,,,10.5,,100.0,,7.0,,,-10.0,,,,,,gearcrafting,45
hell_armor,Hell Armor,body_armor,45,150.0,,,,,35,,,,,-10,-10,-10,-10,,250,,5,,,,,,10,,,,,,,2,,,,,1.5,1.5,1.5,1.5,,0.5,,1,,,,,,1,,,,,,,70.0,,,,,-15.0,-15.0,-15.0,-15.0,,125.0,,5.0,,,,,,10.0,,,gearcrafting,45
duskarmor,Duskarmor,body_armor,50,256.5,,,,,,,,,30,,5,,,,300,,,,150,,,60,3,,,,,,,,,,,2,,1.5,,,,0.5,,,,0.2,,,0.1,1,,,,,,,,,,,60.0,,7.5,,,,150.0,,,,30.0,,,6.0,3.0,,,gearcrafting,50
vital_armor,Vital Armor,body_armor,50,253.5,,,,,,,,30,,5,,,,,300,,5,,125,,,60,,,,,,,,,,,2,,1.5,,,,,0.5,,1,,0.2,,,0.1,,,,,,,,,,,60.0,,7.5,,,,,150.0,,5.0,,25.0,,,6.0,,,,gearcrafting,50
skullforged_armor,Skullforged Armor,body_armor,50,253.5,,,,,,,30,,,,,5,,,300,,5,,125,,,60,,,,,,,,,,2,,,,,1.5,,,0.5,,1,,0.2,,,0.1,,,,,,,,,,60.0,,,,,7.5,,,150.0,,5.0,,25.0,,,6.0,,,,gearcrafting,50
adamantite_platebody,Adamantite Platebody,body_armor,50,250.5,,,,,,30,,,,,,5,,,300,,,,100,,,60,7,,,,,,,,2,,,,,,1.5,,,0.5,,,,0.2,,,0.1,1,,,,,,,,60.0,,,,,,7.5,,,150.0,,,,20.0,,,6.0,7.0,,,gearcrafting,50
copper_boots,Copper Boots,boots,1,7.0,,,,,,,,,,,,,,,10,,,,,,,,,10,,,,,,,,,,,,,,,,0.5,,,,,,,,,0.2,,,,,,,,,,,,,,,,5.0,,,,,,,,,2.0,,gearcrafting,1
iron_boots,Iron Boots,boots,10,49.0,,,,,,,,,,5,,,5,3,40,,,,,,,,2,,,,,,,,,,,,1.5,,,1.5,4,0.5,,,,,,,,1,,,,,,,,,,,,7.5,,,7.5,12.0,20.0,,,,,,,,2.0,,,gearcrafting,10
leather_boots,Leather Boots,boots,10,49.0,,,,,,,,,,,5,5,,3,40,,,,,,,,2,,,,,,,,,,,,,1.5,1.5,,4,0.5,,,,,,,,1,,,,,,,,,,,,,7.5,7.5,,12.0,20.0,,,,,,,,2.0,,,gearcrafting,10
adventurer_boots,Adventurer Boots,boots,15,52.0,,,,,,,,,,,,,,4,60,,,,,,,20,,20,,,,,,,,,,,,,,,4,0.5,,,,,,,0.1,,0.2,,,,,,,,,,,,,,,16.0,30.0,,,,,,,2.0,,4.0,,gearcrafting,15
steel_boots,Steel Boots,boots,20,88.0,,,,,,,,,,,8,8,,6,80,,,,,,,,,,,,,,,,,,,,,1.5,1.5,,4,0.5,,,,,,,,,,,,,,,,,,,,,12.0,12.0,,24.0,40.0,,,,,,,,,,,gearcrafting,20
snakeskin_boots,Snakeskin Boots,boots,20,88.0,,,,,,,,,,8,,,8,6,80,,,,,,,,,,,,,,,,,,,,1.5,,,1.5,4,0.5,,,,,,,,,,,,,,,,,,,,12.0,,,12.0,24.0,40.0,,,,,,,,,,,gearcrafting,20
old_boots,Old Boots,boots,20,81.0,,,,,,,,,,,,,,5,90,,,,,,,20,,70,,,,,,,,,,,,,,,4,0.5,,,,,,,0.1,,0.2,,,,,,,,,,,,,,,20.0,45.0,,,,,,,2.0,,14.0,,,
hard_leather_boots,Hard Leather Boots,boots,20,59.5,,,,,4,,,,,,,,,6,45,,,,,,,50,,,,,,,,2,,,,,,,,,4,0.5,,,,,,,0.1,,,,,,,,8.0,,,,,,,,,24.0,22.5,,,,,,,5.0,,,,gearcrafting,20
lizard_boots,Lizard Boots,boots,30,127.0,,,,,,,5,,5,8,,8,,7,110,,,,,,,,,,,,,,,,,2,,2,1.5,,1.5,,4,0.5,,,,,,,,,,,,,,,,,10.0,,10.0,12.0,,12.0,,28.0,55.0,,,,,,,,,,,gearcrafting,30
gold_boots,Gold Boots,boots,30,127.0,,,,,,5,,5,,8,8,,,7,110,,,,,,,,,,,,,,,,2,,2,,1.5,1.5,,,4,0.5,,,,,,,,,,,,,,,,10.0,,10.0,,12.0,12.0,,,28.0,55.0,,,,,,,,,,,gearcrafting,30
flying_boots,Flying Boots,boots,30,97.0,,,,,4,,,,,,,,,7,80,,5,,80,,,,,,,,,,,2,,,,,,,,,4,0.5,,1,,0.2,,,,,,,,,,,8.0,,,,,,,,,28.0,40.0,,5.0,,16.0,,,,,,,gearcrafting,30
enchanter_boots,Enchanter Boots,boots,35,105.0,,,,,5,,,,,,,,,7,110,,,,,,,120,,,,,,,,2,,,,,,,,,4,0.5,,,,,,,0.1,,,,,,,,10.0,,,,,,,,,28.0,55.0,,,,,,,12.0,,,,gearcrafting,35
cultist_boots,Cultist Boots,boots,40,164.0,,,,,,,8,8,,8,,,8,7,160,,,,,,,,,,,,,,,,,2,2,,1.5,,,1.5,4,0.5,,,,,,,,,,,,,,,,,16.0,16.0,,12.0,,,12.0,28.0,80.0,,,,,,,,,,,gearcrafting,40
mithril_boots,Mithril Boots,boots,40,164.0,,,,,,8,,,8,,8,8,,7,160,,,,,,,,,,,,,,,,2,,,2,,1.5,1.5,,4,0.5,,,,,,,,,,,,,,,,16.0,,,16.0,,12.0,12.0,,28.0,80.0,,,,,,,,,,,gearcrafting,40
sand_snakeskin_boots,Sand Snakeskin Boots,boots,45,183.0,,,,,,,,,,8,,,8,7,240,,5,,,,,60,,,,,,,,,,,,,1.5,,,1.5,4,0.5,,1,,,,,0.1,,,,,,,,,,,,,12.0,,,12.0,28.0,120.0,,5.0,,,,,6.0,,,,gearcrafting,45
darkforged_boots,Darkforged Boots,boots,45,149.0,,,,,10,,,,,,,,,8,160,,7,,50,,,,,,,,,,,2,,,,,,,,,4,0.5,,1,,0.2,,,,,,,,,,,20.0,,,,,,,,,32.0,80.0,,7.0,,10.0,,,,,,,gearcrafting,45
vital_boots,Vital Boots,boots,50,166.0,,,,,10,,,,,,8,,8,8,170,,,,,,,50,,,,,,,,2,,,,,,1.5,,1.5,4,0.5,,,,,,,0.1,,,,,,,,20.0,,,,,,12.0,,12.0,32.0,85.0,,,,,,,5.0,,,,gearcrafting,50
adamantite_boots,Adamantite Boots,boots,50,166.0,,,,,10,,,,,8,,8,,8,170,,,,,,,50,,,,,,,,2,,,,,1.5,,1.5,,4,0.5,,,,,,,0.1,,,,,,,,20.0,,,,,12.0,,12.0,,32.0,85.0,,,,,,,5.0,,,,gearcrafting,50
copper_helmet,Copper Helmet,helmet,1,16.0,,,,,3,,,,,,,,,,20,,,,,,,,,,,,,,,2,,,,,,,,,,0.5,,,,,,,,,,,,,,,6.0,,,,,,,,,,10.0,,,,,,,,,,,gearcrafting,1
iron_helm,Iron Helm,helmet,10,52.0,,,,,,,5,5,,,4,4,,,40,,,,,,,,,,,,,,,,,2,2,,,1.5,1.5,,,0.5,,,,,,,,,,,,,,,,,10.0,10.0,,,6.0,6.0,,,20.0,,,,,,,,,,,gearcrafting,10
leather_hat,Leather Hat,helmet,10,52.0,,,,,,5,,,5,4,,,4,,40,,,,,,,,,,,,,,,,2,,,2,1.5,,,1.5,,0.5,,,,,,,,,,,,,,,,10.0,,,10.0,6.0,,,6.0,,20.0,,,,,,,,,,,gearcrafting,10
adventurer_helmet,Adventurer Helmet,helmet,10,38.0,,,,,5,,,,,,,,,,50,,,,,,,,,15,,,,,,2,,,,,,,,,,0.5,,,,,,,,,0.2,,,,,,10.0,,,,,,,,,,25.0,,,,,,,,,3.0,,gearcrafting,10
mushmush_wizard_hat,Mushmush Wizard Hat,helmet,15,68.0,,,,,,,10,10,,,,,,,50,,3,,,,,,,,,,,,,,,2,2,,,,,,,0.5,,1,,,,,,,,,,,,,,,20.0,20.0,,,,,,,25.0,,3.0,,,,,,,,,gearcrafting,15
lucky_wizard_hat,Lucky Wizard Hat,helmet,15,68.0,,,,,,10,,,10,,,,,,50,,3,,,,,,,,,,,,,,2,,,2,,,,,,0.5,,1,,,,,,,,,,,,,,20.0,,,20.0,,,,,,25.0,,3.0,,,,,,,,,gearcrafting,15
wolf_ears,Wolf Ears,helmet,15,57.0,,,,,6,,,,,,,,,,60,,,,,,,50,,50,,,,,,2,,,,,,,,,,0.5,,,,,,,0.1,,0.2,,,,,,12.0,,,,,,,,,,30.0,,,,,,,5.0,,10.0,,,
tromatising_mask,Tromatising Mask,helmet,20,87.0,,,,,,,,16,,,,,,,90,,,,25,,,,,25,,,,,,,,,2,,,,,,,0.5,,,,0.2,,,,,0.2,,,,,,,,,32.0,,,,,,,45.0,,,,5.0,,,,,5.0,,gearcrafting,20
magic_wizard_hat,Magic Wizard Hat,helmet,20,82.0,,,,,,,,,16,,,,,,90,,,,,,,,,25,,,,,,,,,,2,,,,,,0.5,,,,,,,,,0.2,,,,,,,,,,32.0,,,,,,45.0,,,,,,,,,5.0,,gearcrafting,20
steel_helm,Steel Helm,helmet,20,82.0,,,,,,,16,,,,,,,,90,,,,25,,,,,,,,,,,,,2,,,,,,,,0.5,,,,0.2,,,,,,,,,,,,,32.0,,,,,,,,45.0,,,,5.0,,,,,,,gearcrafting,20
skeleton_helmet,Skeleton Helmet,helmet,20,82.0,,,,,,16,,,,,,,,,90,,,,,,,,,25,,,,,,,2,,,,,,,,,0.5,,,,,,,,,0.2,,,,,,,32.0,,,,,,,,,45.0,,,,,,,,,5.0,,gearcrafting,20
hard_leather_helmet,Hard Leather Helmet,helmet,20,78.0,,,,,10,,,,,,,,,,80,,3,,50,,,50,,,,,,,,2,,,,,,,,,,0.5,,1,,0.2,,,0.1,,,,,,,,20.0,,,,,,,,,,40.0,,3.0,,10.0,,,5.0,,,,gearcrafting,20
piggy_helmet,Piggy Helmet,helmet,25,104.0,,,,,,,,20,,,,,,,110,,3,,30,,,,,,,,,,,,,,2,,,,,,,0.5,,1,,0.2,,,,,,,,,,,,,,40.0,,,,,,,55.0,,3.0,,6.0,,,,,,,gearcrafting,25
lich_crown,Lich Crown,helmet,30,188.0,,,,,,,20,20,,,,,,,160,,5,,80,,,20,5,,,,,,,,,2,2,,,,,,,0.5,,1,,0.2,,,0.1,1,,,,,,,,,40.0,40.0,,,,,,,80.0,,5.0,,16.0,,,2.0,5.0,,,,
gold_helm,Gold Helm,helmet,30,180.0,,,,,,,20,,20,,,,,,160,,,,80,,,,,20,,,,,,,,2,,2,,,,,,0.5,,,,0.2,,,,,0.2,,,,,,,,40.0,,40.0,,,,,,80.0,,,,16.0,,,,,4.0,,gearcrafting,30
gold_mask,Gold Mask,helmet,30,177.0,,,,,,20,20,,,,,,,,160,,,,50,,,,3,20,,,,,,,2,2,,,,,,,,0.5,,,,0.2,,,,1,0.2,,,,,,,40.0,40.0,,,,,,,,80.0,,,,10.0,,,,3.0,4.0,,gearcrafting,30
royal_skeleton_helmet,Royal Skeleton Helmet,helmet,30,164.0,,,,,,20,,20,,,,,,,160,,,,,,,,,20,,,,,,,2,,2,,,,,,,0.5,,,,,,,,,0.2,,,,,,,40.0,,40.0,,,,,,,80.0,,,,,,,,,4.0,,gearcrafting,30
obsidian_helmet,Obsidian Helmet,helmet,30,163.0,,,,,,,,20,20,,5,5,,,170,,,,,-25,,30,5,,,,,,,,,,2,2,,1.5,1.5,,,0.5,,,,,1,,0.1,1,,,,,,,,,,40.0,40.0,,7.5,7.5,,,85.0,,,,,-25.0,,3.0,5.0,,,gearcrafting,30
jester_hat,Jester Hat,helmet,35,187.0,,,,,16,,,,15,,,,,,200,,10,,75,,,,,,,,,,,2,,,,2,,,,,,0.5,,1,,0.2,,,,,,,,,,,32.0,,,,30.0,,,,,,100.0,,10.0,,15.0,,,,,,,gearcrafting,35
snowman_hat,Snowman Hat,helmet,35,185.0,,,,,30,,,,,,,,,,200,,5,,100,,,,,,,,,,,2,,,,,,,,,,0.5,,1,,0.2,,,,,,,,,,,60.0,,,,,,,,,,100.0,,5.0,,20.0,,,,,,,,
cursed_hat,Cursed Hat,helmet,35,175.0,,,,,,,,35,,,,,,,170,,,,80,,,,4,,,,,,,,,,2,,,,,,,0.5,,,,0.2,,,,1,,,,,,,,,,70.0,,,,,,,85.0,,,,16.0,,,,4.0,,,gearcrafting,35
strangold_helmet,Strangold Helmet,helmet,35,173.0,,,,,,22,,,22,,,,,,170,,,,,,,,,,,,,,,,2,,,2,,,,,,0.5,,,,,,,,,,,,,,,,44.0,,,44.0,,,,,,85.0,,,,,,,,,,,gearcrafting,35
mithril_helm,Mithril Helm,helmet,40,251.0,,,,,,,,16,24,,,6,,,300,,,,50,,,20,,,,,,,,,,,2,2,,,1.5,,,0.5,,,,0.2,,,0.1,,,,,,,,,,,32.0,48.0,,,9.0,,,150.0,,,,10.0,,,2.0,,,,gearcrafting,40
cultist_hat,Cultis Hat,helmet,40,203.0,,,,,,20,,30,,,,,,,200,,3,,,,,,,,,,,,,,2,,2,,,,,,,0.5,,1,,,,,,,,,,,,,,40.0,,60.0,,,,,,,100.0,,3.0,,,,,,,,,gearcrafting,40
white_knight_helmet,White Knight Helmet,helmet,40,203.0,,,,,,30,20,,,,,,,,200,,3,,,,,,,,,,,,,,2,2,,,,,,,,0.5,,1,,,,,,,,,,,,,,60.0,40.0,,,,,,,,100.0,,3.0,,,,,,,,,gearcrafting,40
wrathelmet,Wrathelmet,helmet,40,202.0,,,,,,,30,,20,,,,,,200,,,,,,,20,,,,,,,,,,2,,2,,,,,,0.5,,,,,,,0.1,,,,,,,,,,60.0,,40.0,,,,,,100.0,,,,,,,2.0,,,,gearcrafting,40
batwing_helmet,Batwing Helmet,helmet,40,183.0,,,,,,,40,,,,-5,-5,,,200,,8,,,,,,10,,,,,,,,,2,,,,1.5,1.5,,,0.5,,1,,,,,,1,,,,,,,,,80.0,,,,-7.5,-7.5,,,100.0,,8.0,,,,,,10.0,,,gearcrafting,40
hork_helmet,Hork Helmet,helmet,40,183.0,,,,,,40,,,,-5,,,-5,,200,,8,,,,,,10,,,,,,,,2,,,,1.5,,,1.5,,0.5,,1,,,,,,1,,,,,,,,80.0,,,,-7.5,,,-7.5,,100.0,,8.0,,,,,,10.0,,,gearcrafting,40
corrupted_crown,Corrupted Crown,helmet,45,272.0,,,,,26,,,,,5,5,5,5,,350,,,,,,,50,10,,,,,,,2,,,,,1.5,1.5,1.5,1.5,,0.5,,,,,,,0.1,1,,,,,,,52.0,,,,,7.5,7.5,7.5,7.5,,175.0,,,,,,,5.0,10.0,,,,
darkforged_helmet,Darkforged Helmet,helmet,45,244.0,,,,,,,,30,30,,,,,,200,,,,50,,,40,,50,,,,,,,,,2,2,,,,,,0.5,,,,0.2,,,0.1,,0.2,,,,,,,,,60.0,60.0,,,,,,100.0,,,,10.0,,,4.0,,10.0,,gearcrafting,45
sand_snakeskin_bandana,Sand Snakeskin Bandana,helmet,45,228.5,,,,,5,30,,,,,,,5,,260,,,,60,,,50,4,,,,,,,2,2,,,,,,,1.5,,0.5,,,,0.2,,,0.1,1,,,,,,,10.0,60.0,,,,,,,7.5,,130.0,,,,12.0,,,5.0,4.0,,,gearcrafting,45
hell_helmet,Hell Helmet,helmet,45,160.0,,,,,36,,,,,-10,-10,-10,-10,,260,,8,,,,,,10,,,,,,,2,,,,,1.5,1.5,1.5,1.5,,0.5,,1,,,,,,1,,,,,,,72.0,,,,,-15.0,-15.0,-15.0,-15.0,,130.0,,8.0,,,,,,10.0,,,gearcrafting,45
desert_wrap,Desert Wrap,helmet,50,293.0,,,,,20,,25,,,7,,7,,,300,,,,100,,,50,7,,,,,,,2,,2,,,1.5,,1.5,,,0.5,,,,0.2,,,0.1,1,,,,,,,40.0,,50.0,,,10.5,,10.5,,,150.0,,,,20.0,,,5.0,7.0,,,,
dust_helmet,Dust Helmet,helmet,50,293.0,,,,,20,,,25,,,7,,7,,300,,,,100,,,50,7,,,,,,,2,,,2,,,1.5,,1.5,,0.5,,,,0.2,,,0.1,1,,,,,,,40.0,,,50.0,,,10.5,,10.5,,150.0,,,,20.0,,,5.0,7.0,,,gearcrafting,50
adamantite_mask,Adamantite Mask,helmet,50,287.5,,,,,20,20,,,,,5,,,,300,,5,,150,,,50,10,,,,,,,2,2,,,,,1.5,,,,0.5,,1,,0.2,,,0.1,1,,,,,,,40.0,40.0,,,,,7.5,,,,150.0,,5.0,,30.0,,,5.0,10.0,,,gearcrafting,50
dark_horned_helmet,Dark Horned Helmet,helmet,50,275.5,,,,,20,,,,20,,5,,,,300,,8,,100,,,50,5,,,,,,,2,,,,2,,1.5,,,,0.5,,1,,0.2,,,0.1,1,,,,,,,40.0,,,,40.0,,7.5,,,,150.0,,8.0,,20.0,,,5.0,5.0,,,gearcrafting,50
copper_legs_armor,Copper Legs Armor,leg_armor,5,16.5,,,,,2,,,,,,,,,,25,,,,,,,,,,,,,,,2,,,,,,,,,,0.5,,,,,,,,,,,,,,,4.0,,,,,,,,,,12.5,,,,,,,,,,,gearcrafting,5
iron_legs_armor,Iron Legs Armor,leg_armor,10,49.0,,,,,,,5,5,,,,,,1,50,,,,,,,,,,,,,,,,,2,2,,,,,,4,0.5,,,,,,,,,,,,,,,,,10.0,10.0,,,,,,4.0,25.0,,,,,,,,,,,gearcrafting,10
leather_legs_armor,Leather Legs Armor,leg_armor,10,49.0,,,,,,5,,,5,,,,,1,50,,,,,,,,,,,,,,,,2,,,2,,,,,4,0.5,,,,,,,,,,,,,,,,10.0,,,10.0,,,,,4.0,25.0,,,,,,,,,,,gearcrafting,10
adventurer_pants,Adventurer Pants,leg_armor,15,44.0,,,,,5,,,,,,,,,,60,,,,,,,,,20,,,,,,2,,,,,,,,,,0.5,,,,,,,,,0.2,,,,,,10.0,,,,,,,,,,30.0,,,,,,,,,4.0,,gearcrafting,15
steel_legs_armor,Steel Legs Armor,leg_armor,20,97.0,,,,,,,10,,10,,,,6,2,80,,,,,,,,,,,,,,,,,2,,2,,,,1.5,4,0.5,,,,,,,,,,,,,,,,,20.0,,20.0,,,,9.0,8.0,40.0,,,,,,,,,,,gearcrafting,20
skeleton_pants,Skeleton Pants,leg_armor,20,97.0,,,,,,10,,10,,,,6,,2,80,,,,,,,,,,,,,,,,2,,2,,,,1.5,,4,0.5,,,,,,,,,,,,,,,,20.0,,20.0,,,,9.0,,8.0,40.0,,,,,,,,,,,gearcrafting,20
hard_leather_pants,Hard Leather Pants,leg_armor,20,97.0,,,,,,10,10,,,6,,,,2,80,,,,,,,,,,,,,,,,2,2,,,1.5,,,,4,0.5,,,,,,,,,,,,,,,,20.0,20.0,,,9.0,,,,8.0,40.0,,,,,,,,,,,gearcrafting,20
lizard_skin_legs_armor,Lizard Skin Legs Armor,leg_armor,25,142.5,,,,,,,,,17,,,3,6,3,140,,,,50,,,,3,,,,,,,,,,,2,,,1.5,1.5,4,0.5,,,,0.2,,,,1,,,,,,,,,,,34.0,,,4.5,9.0,12.0,70.0,,,,10.0,,,,3.0,,,gearcrafting,25
snakeskin_legs_armor,Snakeskin Legs Armor,leg_armor,25,129.5,,,,,,17,,,,6,3,,,3,140,,,,,,,,,,,,,,,,2,,,,1.5,1.5,,,4,0.5,,,,,,,,,,,,,,,,34.0,,,,9.0,4.5,,,12.0,70.0,,,,,,,,,,,gearcrafting,25
piggy_pants,Piggy Pants,leg_armor,25,129.5,,,,,,,,17,,,,6,3,3,140,,,,,,,,,,,,,,,,,,2,,,,1.5,1.5,4,0.5,,,,,,,,,,,,,,,,,,34.0,,,,9.0,4.5,12.0,70.0,,,,,,,,,,,gearcrafting,25
stormforged_pants,Stormforged Pants,leg_armor,25,129.5,,,,,,,17,,,,6,,3,3,140,,,,,,,,,,,,,,,,,2,,,,1.5,,1.5,4,0.5,,,,,,,,,,,,,,,,,34.0,,,,9.0,,4.5,12.0,70.0,,,,,,,,,,,gearcrafting,25
gold_platelegs,Gold Platelegs,leg_armor,30,194.0,,,,,,17,17,,,7,7,,,5,150,,,,50,,,,,,,,,,,,2,2,,,1.5,1.5,,,4,0.5,,,,0.2,,,,,,,,,,,,34.0,34.0,,,10.5,10.5,,,20.0,75.0,,,,10.0,,,,,,,gearcrafting,30
royal_skeleton_pants,Royal Skeleton Pants,leg_armor,30,184.0,,,,,,17,,17,,,7,,7,5,150,,,,,,,,,,,,,,,,2,,2,,,1.5,,1.5,4,0.5,,,,,,,,,,,,,,,,34.0,,34.0,,,10.5,,10.5,20.0,75.0,,,,,,,,,,,gearcrafting,30
conjurer_skirt,Conjurer Skirt,leg_armor,30,155.0,,,,,15,,,,,,,,,5,180,,5,,,,,,,50,,,,,,2,,,,,,,,,4,0.5,,1,,,,,,,0.2,,,,,,30.0,,,,,,,,,20.0,90.0,,5.0,,,,,,,10.0,,gearcrafting,30
obsidian_legs_armor,Obsidian Legs Armor,leg_armor,30,151.0,,,,,,,18,,18,,,,,3,170,,3,,,-25,,,4,,,,,,,,,2,,2,,,,,4,0.5,,1,,,1,,,1,,,,,,,,,36.0,,36.0,,,,,12.0,85.0,,3.0,,,-25.0,,,4.0,,,gearcrafting,30
strangold_legs_armor,Strangold Legs Armor,leg_armor,35,192.0,,,,,,18,,,20,7,,,7,5,150,,,,,,,,,,,,,,,,2,,,2,1.5,,,1.5,4,0.5,,,,,,,,,,,,,,,,36.0,,,40.0,10.5,,,10.5,20.0,75.0,,,,,,,,,,,gearcrafting,35
enchanter_pants,Enchanter Pants,leg_armor,35,191.0,,,,,14,,,,,,,10,,5,200,,,,50,,,120,6,,,,,,,2,,,,,,,1.5,,4,0.5,,,,0.2,,,0.1,1,,,,,,,28.0,,,,,,,15.0,,20.0,100.0,,,,10.0,,,12.0,6.0,,,gearcrafting,35
ancient_jean,Ancient Jean,leg_armor,35,149.0,,,,,,,22,,,,10,-10,,5,150,,6,,,,,,4,,,,,,,,,2,,,,1.5,1.5,,4,0.5,,1,,,,,,1,,,,,,,,,44.0,,,,15.0,-15.0,,20.0,75.0,,6.0,,,,,,4.0,,,gearcrafting,35
mithril_platelegs,Mithril Platelegs,leg_armor,40,277.0,,,,,,,,19,22,7,,7,,6,250,,,,100,,,,5,,,,,,,,,,2,2,1.5,,1.5,,4,0.5,,,,0.2,,,,1,,,,,,,,,,38.0,44.0,10.5,,10.5,,24.0,125.0,,,,20.0,,,,5.0,,,gearcrafting,40
cultist_pants,Cultist Pants,leg_armor,40,253.0,,,,,,20,,24,,,,7,7,6,180,,,,150,,,,,,,,,,,,2,,2,,,,1.5,1.5,4,0.5,,,,0.2,,,,,,,,,,,,40.0,,48.0,,,,10.5,10.5,24.0,90.0,,,,30.0,,,,,,,gearcrafting,40
wrathpants,Wrathpants,leg_armor,40,223.0,,,,,,,24,,20,,7,7,,6,180,,,,,,,,,,,,,,,,,2,,2,,1.5,1.5,,4,0.5,,,,,,,,,,,,,,,,,48.0,,40.0,,10.5,10.5,,24.0,90.0,,,,,,,,,,,gearcrafting,40
white_knight_pants,White Knight Pants,leg_armor,40,223.0,,,,,,24,20,,,7,,7,,6,180,,,,,,,,,,,,,,,,2,2,,,1.5,,1.5,,4,0.5,,,,,,,,,,,,,,,,48.0,40.0,,,10.5,,10.5,,24.0,90.0,,,,,,,,,,,gearcrafting,40
sand_snakeskin_pants,Sand Snakeskin Pants,leg_armor,45,221.0,,,,,5,25,,,,,,5,5,6,230,,,,,,,30,4,,,,,,,2,2,,,,,,1.5,1.5,4,0.5,,,,,,,0.1,1,,,,,,,10.0,50.0,,,,,,7.5,7.5,24.0,115.0,,,,,,,3.0,4.0,,,gearcrafting,45
mesh_legs_armor,Mesh Legs Armor,leg_armor,45,198.0,,,,,30,,,,,,,,,7,200,,,,50,-10,,,,50,,,,,,2,,,,,,,,,4,0.5,,,,0.2,1,,,,0.2,,,,,,60.0,,,,,,,,,28.0,100.0,,,,10.0,-10.0,,,,10.0,,gearcrafting,45
hell_legs_armor,Hell Legs Armor,leg_armor,45,175.0,,,,,35,,,,,-10,-10,-10,-10,7,240,,7,,,,,,10,,,,,,,2,,,,,1.5,1.5,1.5,1.5,4,0.5,,1,,,,,,1,,,,,,,70.0,,,,,-15.0,-15.0,-15.0,-15.0,28.0,120.0,,7.0,,,,,,10.0,,,gearcrafting,45
duskpants,Duskpants,leg_armor,50,298.0,,,,,4,,,,27,,5,,7,7,300,,7,,100,,,70,6,,,,,,,2,,,,2,,1.5,,1.5,4,0.5,,1,,0.2,,,0.1,1,,,,,,,8.0,,,,54.0,,7.5,,10.5,28.0,150.0,,7.0,,20.0,,,7.0,6.0,,,gearcrafting,50
adamantite_platelegs,Adamantite Platelegs,leg_armor,50,296.0,,,,,4,27,,,,,7,5,,7,300,,3,,100,,,70,8,,,,,,,2,2,,,,,1.5,1.5,,4,0.5,,1,,0.2,,,0.1,1,,,,,,,8.0,54.0,,,,,10.5,7.5,,28.0,150.0,,3.0,,20.0,,,7.0,8.0,,,gearcrafting,50
skullforged_pants,Skullforged Pants,leg_armor,50,285.0,,,,,5,,30,,,4,,4,,8,250,,5,,150,,,70,4,,,,,,,2,,2,,,1.5,,1.5,,4,0.5,,1,,0.2,,,0.1,1,,,,,,,10.0,,60.0,,,6.0,,6.0,,32.0,125.0,,5.0,,30.0,,,7.0,4.0,,,gearcrafting,50
copper_ring,Copper Ring,ring,1,4.0,,,,,2,,,,,,,,,,,,,,,,,,,,,,,,,2,,,,,,,,,,,,,,,,,,,,,,,,,4.0,,,,,,,,,,,,,,,,,,,,,jewelrycrafting,1
forest_ring,Forest Ring,ring,10,19.0,,,,,3,,,,,,,,,,20,,,,,,,,,15,,,,,,2,,,,,,,,,,0.5,,,,,,,,,0.2,,,,,,6.0,,,,,,,,,,10.0,,,,,,,,,3.0,,,
iron_ring,Iron Ring,ring,10,8.0,,,,,4,,,,,,,,,,,,,,,,,,,,,,,,,2,,,,,,,,,,,,,,,,,,,,,,,,,8.0,,,,,,,,,,,,,,,,,,,,,jewelrycrafting,10
life_ring,Life Ring,ring,15,16.5,,,,,,,,,,,,,,,25,,,,,,,,,20,,,,,,,,,,,,,,,,0.5,,,,,,,,,0.2,,,,,,,,,,,,,,,,12.5,,,,,,,,,4.0,,jewelrycrafting,15
air_ring,Air Ring,ring,15,16.0,,,,,,8,,,,,,,,,,,,,,,,,,,,,,,,,2,,,,,,,,,,,,,,,,,,,,,,,,,16.0,,,,,,,,,,,,,,,,,,,,jewelrycrafting,15
earth_ring,Earth Ring,ring,15,16.0,,,,,,,8,,,,,,,,,,,,,,,,,,,,,,,,,2,,,,,,,,,,,,,,,,,,,,,,,,,16.0,,,,,,,,,,,,,,,,,,,jewelrycrafting,15
fire_ring,Fire Ring,ring,15,16.0,,,,,,,,8,,,,,,,,,,,,,,,,,,,,,,,,,2,,,,,,,,,,,,,,,,,,,,,,,,,16.0,,,,,,,,,,,,,,,,,,jewelrycrafting,15
water_ring,Water Ring,ring,15,16.0,,,,,,,,,8,,,,,,,,,,,,,,,,,,,,,,,,,2,,,,,,,,,,,,,,,,,,,,,,,,,16.0,,,,,,,,,,,,,,,,,jewelrycrafting,15
dreadful_ring,Dreadful Ring,ring,20,54.0,,,,,,,11,,11,,,,,,20,,,,,,,,,,,,,,,,,2,,2,,,,,,0.5,,,,,,,,,,,,,,,,,22.0,,22.0,,,,,,10.0,,,,,,,,,,,jewelrycrafting,20
skull_ring,Skull Ring,ring,20,54.0,,,,,,11,,11,,,,,,,20,,,,,,,,,,,,,,,,2,,2,,,,,,,0.5,,,,,,,,,,,,,,,,22.0,,22.0,,,,,,,10.0,,,,,,,,,,,jewelrycrafting,20
ring_of_chance,Ring of Chance,ring,20,36.0,,,,,7,,,,,,,,,,30,,4,,,,,30,,,,,,,,2,,,,,,,,,,0.5,,1,,,,,0.1,,,,,,,,14.0,,,,,,,,,,15.0,,4.0,,,,,3.0,,,,jewelrycrafting,20
steel_ring,Steel Ring,ring,20,33.0,,,,,6,,,,,,,,,,,,,,75,,,,,30,,,,,,2,,,,,,,,,,,,,,0.2,,,,,0.2,,,,,,12.0,,,,,,,,,,,,,,15.0,,,,,6.0,,jewelrycrafting,20
royal_skeleton_ring,Royal Skeleton Ring,ring,30,83.0,,,,,12,,,,,,,,,,70,,,,80,,,30,5,,,,,,,2,,,,,,,,,,0.5,,,,0.2,,,0.1,1,,,,,,,24.0,,,,,,,,,,35.0,,,,16.0,,,3.0,5.0,,,jewelrycrafting,30
ruby_ring,Ruby Ring,ring,30,51.0,,,,,17,,,7,,,,,,,,,3,,,,,,,,,,,,,2,,,2,,,,,,,,,1,,,,,,,,,,,,,34.0,,,14.0,,,,,,,,,3.0,,,,,,,,,jewelrycrafting,30
topaz_ring,Topaz Ring,ring,30,51.0,,,,,17,,7,,,,,,,,,,3,,,,,,,,,,,,,2,,2,,,,,,,,,,1,,,,,,,,,,,,,34.0,,14.0,,,,,,,,,,3.0,,,,,,,,,jewelrycrafting,30
sapphire_ring,Sapphire Ring,ring,30,51.0,,,,,17,,,,7,,,,,,,,3,,,,,,,,,,,,,2,,,,2,,,,,,,,1,,,,,,,,,,,,,34.0,,,,14.0,,,,,,,,3.0,,,,,,,,,jewelrycrafting,30
emerald_ring,Emerald Ring,ring,30,51.0,,,,,17,7,,,,,,,,,,,3,,,,,,,,,,,,,2,2,,,,,,,,,,,1,,,,,,,,,,,,,34.0,14.0,,,,,,,,,,,3.0,,,,,,,,,jewelrycrafting,30
gold_ring,Gold Ring,ring,30,37.0,,,,,8,,,,,,,,,,,,,,75,,,,,30,,,,,,2,,,,,,,,,,,,,,0.2,,,,,0.2,,,,,,16.0,,,,,,,,,,,,,,15.0,,,,,6.0,,jewelrycrafting,30
malefic_ring,Malefic Ring,ring,35,59.0,,,,,14,,,,,,,,,,,,7,,100,,,40,,,,,,,,2,,,,,,,,,,,,1,,0.2,,,0.1,,,,,,,,28.0,,,,,,,,,,,,7.0,,20.0,,,4.0,,,,jewelrycrafting,35
mithril_ring,Mithril Ring,ring,40,163.5,,,,,20,,,,,,,,,,175,,4,,80,,,60,10,,,,,,,2,,,,,,,,,,0.5,,1,,0.2,,,0.1,1,,,,,,,40.0,,,,,,,,,,87.5,,4.0,,16.0,,,6.0,10.0,,,jewelrycrafting,40
sacred_ring,Sacred Ring,ring,40,103.0,,,,,,25,,25,,,,,,,,,,,,,,30,,,,,,,,,2,,2,,,,,,,,,,,,,,0.1,,,,,,,,,50.0,,50.0,,,,,,,,,,,,,,3.0,,,,jewelrycrafting,40
divinity_ring,Divinity Ring,ring,40,103.0,,,,,,,25,,25,,,,,,,,,,,,,30,,,,,,,,,,2,,2,,,,,,,,,,,,,0.1,,,,,,,,,,50.0,,50.0,,,,,,,,,,,,,3.0,,,,jewelrycrafting,40
eternity_ring,Eternity Ring,ring,40,103.0,,,,,,25,25,,,,,,,,,,,,,,,30,,,,,,,,,2,2,,,,,,,,,,,,,,,0.1,,,,,,,,,50.0,50.0,,,,,,,,,,,,,,,3.0,,,,jewelrycrafting,40
celest_ring,Celest Ring,ring,40,103.0,,,,,,,,25,25,,,,,,,,,,,,,30,,,,,,,,,,,2,2,,,,,,,,,,,,,0.1,,,,,,,,,,,50.0,50.0,,,,,,,,,,,,,3.0,,,,jewelrycrafting,40
hell_ring,Hell Ring,ring,45,55.0,,,,,30,,,,,-10,-10,-10,-10,,80,,5,,,,,,10,,,,,,,2,,,,,1.5,1.5,1.5,1.5,,0.5,,1,,,,,,1,,,,,,,60.0,,,,,-15.0,-15.0,-15.0,-15.0,,40.0,,5.0,,,,,,10.0,,,jewelrycrafting,45
skullforged_ring,Skullforged Ring,ring,50,151.0,,,,,,,30,,30,,,,,,,,3,,100,,,30,5,,,,,,,,,2,,2,,,,,,,,1,,0.2,,,0.1,1,,,,,,,,,60.0,,60.0,,,,,,,,3.0,,20.0,,,3.0,5.0,,,jewelrycrafting,50
eternal_red_ring,Eternal Red Ring,ring,50,130.0,,,,,,,,30,,,,,,,80,,,,150,,,,,,,,,,,,,,2,,,,,,,0.5,,,,0.2,,,,,,,,,,,,,,60.0,,,,,,,40.0,,,,30.0,,,,,,,jewelrycrafting,50
adamantite_ring,Adamantite Ring,ring,50,109.0,,,,,,30,,,,,,,,,,,7,,150,,,60,6,,,,,,,,2,,,,,,,,,,,1,,0.2,,,0.1,1,,,,,,,,60.0,,,,,,,,,,,7.0,,30.0,,,6.0,6.0,,,jewelrycrafting,50
wooden_shield,Wooden Shield,shield,1,12.0,,,,,,,,,,2,2,2,2,,,,,,,,,,,,,,,,,,,,,,1.5,1.5,1.5,1.5,,,,,,,,,,,,,,,,,,,,,,3.0,3.0,3.0,3.0,,,,,,,,,,,,,gearcrafting,1
iron_shield,Iron Shield,shield,10,24.0,,,,,,,,,,4,4,4,4,,,,,,,,,,,,,,,,,,,,,,1.5,1.5,1.5,1.5,,,,,,,,,,,,,,,,,,,,,,6.0,6.0,6.0,6.0,,,,,,,,,,,,,gearcrafting,10
slime_shield,Slime Shield,shield,20,42.0,,,,,,,,,,7,7,7,7,,,,,,,,,,,,,,,,,,,,,,1.5,1.5,1.5,1.5,,,,,,,,,,,,,,,,,,,,,,10.5,10.5,10.5,10.5,,,,,,,,,,,,,gearcrafting,20
gold_shield,Gold Shield,shield,30,60.0,,,,,,,,,,10,10,10,10,,,,,,,,,,,,,,,,,,,,,,1.5,1.5,1.5,1.5,,,,,,,,,,,,,,,,,,,,,,15.0,15.0,15.0,15.0,,,,,,,,,,,,,gearcrafting,30
dreadful_shield,Dreadful Shield,shield,35,30.0,,,,,,,,,,-5,15,-5,15,,,,,,,,,,,,,,,,,,,,,,1.5,1.5,1.5,1.5,,,,,,,,,,,,,,,,,,,,,,-7.5,22.5,-7.5,22.5,,,,,,,,,,,,,gearcrafting,35
fire_shield,Fire Shield,shield,40,70.0,,,,,,,,,,-5,,25,,,,,,,200,,,,,,,,,,,,,,,,1.5,,1.5,,,,,,,0.2,,,,,,,,,,,,,,,,-7.5,,37.5,,,,,,,40.0,,,,,,,gearcrafting,40
air_shield,Air Shield,shield,40,70.0,,,,,,,,,,25,,-5,,,,,,,200,,,,,,,,,,,,,,,,1.5,,1.5,,,,,,,0.2,,,,,,,,,,,,,,,,37.5,,-7.5,,,,,,,40.0,,,,,,,gearcrafting,40
water_shield,Water Shield,shield,40,62.5,,,,,,,,,,,-10,,25,,,,,,200,,,,,,,,,,,,,,,,,1.5,,1.5,,,,,,0.2,,,,,,,,,,,,,,,,,-15.0,,37.5,,,,,,40.0,,,,,,,gearcrafting,40
earth_shield,Earth Shield,shield,40,62.5,,,,,,,,,,,25,,-10,,,,,,200,,,,,,,,,,,,,,,,,1.5,,1.5,,,,,,0.2,,,,,,,,,,,,,,,,,37.5,,-15.0,,,,,,40.0,,,,,,,gearcrafting,40
mithril_shield,Mithril Shield,shield,40,45.0,,,,,,,,,,15,,15,,,,,,,,,,,,,,,,,,,,,,,1.5,,1.5,,,,,,,,,,,,,,,,,,,,,,,22.5,,22.5,,,,,,,,,,,,,,gearcrafting,40
white_knight_shield,White Knight Shield,shield,40,45.0,,,,,,,,,,15,15,,,,,,,,,,,,,,,,,,,,,,,,1.5,1.5,,,,,,,,,,,,,,,,,,,,,,,,22.5,22.5,,,,,,,,,,,,,,,gearcrafting,40
darkforged_shield,Darkforged Shield,shield,45,98.0,,,,,,,,,,13,13,13,13,,,,,,,,,,20,,,,,,,,,,,,1.5,1.5,1.5,1.5,,,,,,,,,,1,,,,,,,,,,,,19.5,19.5,19.5,19.5,,,,,,,,,,20.0,,,gearcrafting,45
demoniac_shield,Demoniac Shield,shield,45,90.0,,,,,,,,,,15,15,15,15,,,,,,,,,,,,,,,,,,,,,,1.5,1.5,1.5,1.5,,,,,,,,,,,,,,,,,,,,,,22.5,22.5,22.5,22.5,,,,,,,,,,,,,gearcrafting,45
adamantite_shield,Adamantite Shield,shield,50,104.0,,,,,,,,,,18,,18,,,100,,,,,,,,,,,,,,,,,,,,1.5,,1.5,,,0.5,,,,,,,,,,,,,,,,,,,,27.0,,27.0,,,50.0,,,,,,,,,,,gearcrafting,50
magic_shield,Magic Shield,shield,50,104.0,,,,,,,,,,,18,,18,,100,,,,,,,,,,,,,,,,,,,,,1.5,,1.5,,0.5,,,,,,,,,,,,,,,,,,,,,27.0,,27.0,,50.0,,,,,,,,,,,gearcrafting,50
copper_dagger,Copper Dagger,weapon,1,53.0,6,,,,,,,,,,,,,,,,35,,,,,,,,,3,,,,,,,,,,,,,,,,1,,,,,,,,,18.0,,,,,,,,,,,,,,,,35.0,,,,,,,,,weaponcrafting,1
wooden_staff,Wooden Staff,weapon,1,29.0,,8,,,,,,,,,,,,,,,5,,,,,,,,,,3,,,,,,,,,,,,,,,1,,,,,,,,,,24.0,,,,,,,,,,,,,,,5.0,,,,,,,,,weaponcrafting,1
wooden_stick,Wooden Stick,weapon,1,17.0,,4,,,,,,,,,,,,,,,5,,,,,,,,,,3,,,,,,,,,,,,,,,1,,,,,,,,,,12.0,,,,,,,,,,,,,,,5.0,,,,,,,,,,
copper_axe,Copper Axe,weapon,1,5.0,,5,,,,,,,,,,,,,,,,,,,,,,,-10,,3,,,,,,,,,,,,,,,,,,,,,,,1,,15.0,,,,,,,,,,,,,,,,,,,,,,,-10.0,weaponcrafting,1
apprentice_gloves,Apprentice Gloves,weapon,1,5.0,5,,,,,,,,,,,,,,,-10,,,,,,,,,,3,,,,,,,,,,,,,,,1,,,,,,,,,,15.0,,,,,,,,,,,,,,,-10.0,,,,,,,,,,weaponcrafting,1
copper_pickaxe,Copper Pickaxe,weapon,1,5.0,,5,,,,,,,,,,,,,,,,,,,-10,,,,,,3,,,,,,,,,,,,,,,,,,,1,,,,,,15.0,,,,,,,,,,,,,,,,,,,-10.0,,,,,weaponcrafting,1
fishing_net,Fishing Net,weapon,1,5.0,,,,5,,,,,,,,,,,,,,-10,,,,,,,,,,,3,,,,,,,,,,,,,,1,,,,,,,,,,,15.0,,,,,,,,,,,,,,-10.0,,,,,,,,weaponcrafting,1
water_bow,Water Bow,weapon,5,83.0,,,,16,,,,,,,,,,,,,35,,,,,,,,,,,,3,,,,,,,,,,,,,1,,,,,,,,,,,,48.0,,,,,,,,,,,,,35.0,,,,,,,,,weaponcrafting,5
sticky_dagger,Sticky Dagger,weapon,5,71.0,12,,,,,,,,,,,,,,,,35,,,,,,,,,3,,,,,,,,,,,,,,,,1,,,,,,,,,36.0,,,,,,,,,,,,,,,,35.0,,,,,,,,,weaponcrafting,5
fire_staff,Fire Staff,weapon,5,53.0,,,16,,,,,,,,,,,,,,5,,,,,,,,,,,3,,,,,,,,,,,,,,1,,,,,,,,,,,48.0,,,,,,,,,,,,,,5.0,,,,,,,,,weaponcrafting,5
sticky_sword,Sticky Sword,weapon,5,53.0,,16,,,,,,,,,,,,,,,5,,,,,,,,,,3,,,,,,,,,,,,,,,1,,,,,,,,,,48.0,,,,,,,,,,,,,,,5.0,,,,,,,,,weaponcrafting,5
iron_dagger,Iron Dagger,weapon,10,86.0,17,,,,,,,,,,,,,,,,35,,,,,,,,,3,,,,,,,,,,,,,,,,1,,,,,,,,,51.0,,,,,,,,,,,,,,,,35.0,,,,,,,,,weaponcrafting,10
fire_bow,Fire Bow,weapon,10,86.0,,,17,,,,,,,,,,,,,,35,,,,,,,,,,,3,,,,,,,,,,,,,,1,,,,,,,,,,,51.0,,,,,,,,,,,,,,35.0,,,,,,,,,weaponcrafting,10
iron_sword,Iron Sword,weapon,10,77.0,,24,,,,,,,,,,,,,,,5,,,,,,,,,,3,,,,,,,,,,,,,,,1,,,,,,,,,,72.0,,,,,,,,,,,,,,,5.0,,,,,,,,,weaponcrafting,10
greater_wooden_staff,Greater Wooden Staff,weapon,10,77.0,,,,24,,,,,,,,,,,,,5,,,,,,,,,,,,3,,,,,,,,,,,,,1,,,,,,,,,,,,72.0,,,,,,,,,,,,,5.0,,,,,,,,,weaponcrafting,10
iron_pickaxe,Iron Pickaxe,weapon,10,-5.0,,5,,,,,,,,,,,,,,,,,,,-20,,,,,,3,,,,,,,,,,,,,,,,,,,1,,,,,,15.0,,,,,,,,,,,,,,,,,,,-20.0,,,,,weaponcrafting,10
iron_axe,Iron Axe,weapon,10,-5.0,,5,,,,,,,,,,,,,,,,,,,,,,,-20,,3,,,,,,,,,,,,,,,,,,,,,,,1,,15.0,,,,,,,,,,,,,,,,,,,,,,,-20.0,weaponcrafting,10
spruce_fishing_rod,Spruce Fishing Rod,weapon,10,-5.0,,,,5,,,,,,,,,,,,,,-20,,,,,,,,,,,3,,,,,,,,,,,,,,1,,,,,,,,,,,15.0,,,,,,,,,,,,,,-20.0,,,,,,,,weaponcrafting,10
leather_gloves,Leather Gloves,weapon,10,-5.0,5,,,,,,,,,,,,,,,-20,,,,,,,,,,3,,,,,,,,,,,,,,,1,,,,,,,,,,15.0,,,,,,,,,,,,,,,-20.0,,,,,,,,,,weaponcrafting,10
king_slime_sword,King Slime Sword,weapon,15,132.0,9,9,9,9,,,,,,,,,,,,,24,,,,,,,,,3,3,3,3,,,,,,,,,,,,,1,,,,,,,,,27.0,27.0,27.0,27.0,,,,,,,,,,,,,24.0,,,,,,,,,weaponcrafting,15
mushstaff,Mushstaff,weapon,15,114.0,,15,15,,,,,,,,,,,,,,24,,,,,,,,,,3,3,,,,,,,,,,,,,,1,,,,,,,,,,45.0,45.0,,,,,,,,,,,,,,24.0,,,,,,,,,weaponcrafting,15
mushmush_bow,Mushmush Bow,weapon,15,107.0,12,,,12,,,,,,,,,,,,,35,,,,,,,,,3,,,3,,,,,,,,,,,,,1,,,,,,,,,36.0,,,36.0,,,,,,,,,,,,,35.0,,,,,,,,,weaponcrafting,15
highwayman_dagger,Highwayman Dagger,weapon,15,104.0,23,,,,,,,,,,,,,,,,35,,,,,,,,,3,,,,,,,,,,,,,,,,1,,,,,,,,,69.0,,,,,,,,,,,,,,,,35.0,,,,,,,,,,
battlestaff,Battlestaff,weapon,20,125.0,,,,40,,,,,,,,,,,,,5,,,,,,,,,,,,3,,,,,,,,,,,,,1,,,,,,,,,,,,120.0,,,,,,,,,,,,,5.0,,,,,,,,,weaponcrafting,20
forest_whip,Forest Whip,weapon,20,125.0,40,,,,,,,,,,,,,,,,5,,,,,,,,,3,,,,,,,,,,,,,,,,1,,,,,,,,,120.0,,,,,,,,,,,,,,,,5.0,,,,,,,,,weaponcrafting,20
steel_battleaxe,Steel Battleaxe,weapon,20,125.0,,40,,,,,,,,,,,,,,,5,,,,,,,,,,3,,,,,,,,,,,,,,,1,,,,,,,,,,120.0,,,,,,,,,,,,,,,5.0,,,,,,,,,weaponcrafting,20
skull_staff,Skull Staff,weapon,20,125.0,,,40,,,,,,,,,,,,,,5,,,,,,,,,,,3,,,,,,,,,,,,,,1,,,,,,,,,,,120.0,,,,,,,,,,,,,,5.0,,,,,,,,,weaponcrafting,20
hunting_bow,Hunting Bow,weapon,20,122.0,15,,14,,,,,,,,,,,,,,35,,,,,,,,,3,,3,,,,,,,,,,,,,,1,,,,,,,,,45.0,,42.0,,,,,,,,,,,,,,35.0,,,,,,,,,weaponcrafting,20
shuriken,Shuriken,weapon,20,122.0,14,15,,,,,,,,,,,,,,,35,,,,,,,,,3,3,,,,,,,,,,,,,,,1,,,,,,,,,42.0,45.0,,,,,,,,,,,,,,,35.0,,,,,,,,,weaponcrafting,20
steel_fishing_rod,Steel Fishing Rod,weapon,20,-15.0,,,,5,,,,,,,,,,,,,,-30,,,,,,,,,,,3,,,,,,,,,,,,,,1,,,,,,,,,,,15.0,,,,,,,,,,,,,,-30.0,,,,,,,,weaponcrafting,20
steel_pickaxe,Steel Pickaxe,weapon,20,-15.0,,5,,,,,,,,,,,,,,,,,,,-30,,,,,,3,,,,,,,,,,,,,,,,,,,1,,,,,,15.0,,,,,,,,,,,,,,,,,,,-30.0,,,,,weaponcrafting,20
steel_gloves,Steel Gloves,weapon,20,-15.0,,5,,,,,,,,,,,,,,-30,,,,,,,,,,,3,,,,,,,,,,,,,,1,,,,,,,,,,,15.0,,,,,,,,,,,,,,-30.0,,,,,,,,,,weaponcrafting,20
steel_axe,Steel Axe,weapon,20,-15.0,,5,,,,,,,,,,,,,,,,,,,,,,,-30,,3,,,,,,,,,,,,,,,,,,,,,,,1,,15.0,,,,,,,,,,,,,,,,,,,,,,,-30.0,weaponcrafting,20
dreadful_staff,Dreadful Staff,weapon,25,155.0,,25,,25,,,,,,,,,,,,,5,,,,,,,,,,3,,3,,,,,,,,,,,,,1,,,,,,,,,,75.0,,75.0,,,,,,,,,,,,,5.0,,,,,,,,,weaponcrafting,25
skull_wand,Skull Wand,weapon,25,155.0,25,,25,,,,,,,,,,,,,,5,,,,,,,,,3,,3,,,,,,,,,,,,,,1,,,,,,,,,75.0,,75.0,,,,,,,,,,,,,,5.0,,,,,,,,,weaponcrafting,25
wooden_club,Wooden Club,weapon,25,143.0,,36,,,,,,,,,,,,,,,35,,,,,,,,,,3,,,,,,,,,,,,,,,1,,,,,,,,,,108.0,,,,,,,,,,,,,,,35.0,,,,,,,,,,
vampire_bow,Vampire Bow,weapon,25,143.0,,,36,,,,,,,,,,,,,,35,,,,,,,,,,,3,,,,,,,,,,,,,,1,,,,,,,,,,,108.0,,,,,,,,,,,,,,35.0,,,,,,,,,weaponcrafting,25
death_knight_sword,Death Knight Sword,weapon,30,246.0,,37,37,,,,,,,,,,,,,,24,,,,,,,,,,3,3,,,,,,,,,,,,,,1,,,,,,,,,,111.0,111.0,,,,,,,,,,,,,,24.0,,,,,,,,,,
greater_dreadful_staff,Greater Dreadful Staff,weapon,30,245.0,,20,,60,,,,,,,,,,,,,5,,,,,,,,,,3,,3,,,,,,,,,,,,,1,,,,,,,,,,60.0,,180.0,,,,,,,,,,,,,5.0,,,,,,,,,weaponcrafting,30
gold_sword,Gold Sword,weapon,30,245.0,20,60,,,,,,,,,,,,,,,5,,,,,,,,,3,3,,,,,,,,,,,,,,,1,,,,,,,,,60.0,180.0,,,,,,,,,,,,,,,5.0,,,,,,,,,weaponcrafting,30
elderwood_staff,Elderwood Staff,weapon,30,245.0,,,40,40,,,,,,,,,,,,,5,,,,,,,,,,,3,3,,,,,,,,,,,,,1,,,,,,,,,,,120.0,120.0,,,,,,,,,,,,,5.0,,,,,,,,,weaponcrafting,30
enchanted_bow,Enchanted Bow,weapon,30,239.0,,,53,15,,,,,,,,,,,,,35,,,,,,,,,,,3,3,,,,,,,,,,,,,1,,,,,,,,,,,159.0,45.0,,,,,,,,,,,,,35.0,,,,,,,,,weaponcrafting,30
obsidian_battleaxe,Obsidian Battleaxe,weapon,30,220.0,,80,,,,,,,,,,,,,,,5,,,-25,,,,,,,3,,,,,,,,,,,,,,,1,,,1,,,,,,,240.0,,,,,,,,,,,,,,,5.0,,,-25.0,,,,,,weaponcrafting,30
gold_fishing_rod,Gold Fishing Rod,weapon,30,-25.0,,,,5,,,,,,,,,,,,,,-40,,,,,,,,,,,3,,,,,,,,,,,,,,1,,,,,,,,,,,15.0,,,,,,,,,,,,,,-40.0,,,,,,,,weaponcrafting,30
gold_axe,Gold Axe,weapon,30,-25.0,,5,,,,,,,,,,,,,,,,,,,,,,,-40,,3,,,,,,,,,,,,,,,,,,,,,,,1,,15.0,,,,,,,,,,,,,,,,,,,,,,,-40.0,weaponcrafting,30
gold_pickaxe,Gold Pickaxe,weapon,30,-25.0,,5,,,,,,,,,,,,,,,,,,,-40,,,,,,3,,,,,,,,,,,,,,,,,,,1,,,,,,15.0,,,,,,,,,,,,,,,,,,,-40.0,,,,,weaponcrafting,30
golden_gloves,Golden Gloves,weapon,30,-25.0,,5,,,,,,,,,,,,,,-40,,,,,,,,,,,3,,,,,,,,,,,,,,1,,,,,,,,,,,15.0,,,,,,,,,,,,,,-40.0,,,,,,,,,,weaponcrafting,30
strangold_sword,Strangold Sword,weapon,35,260.0,40,,45,,,,,,,,,,,,,,5,,,,,,,,,3,,3,,,,,,,,,,,,,,1,,,,,,,,,120.0,,135.0,,,,,,,,,,,,,,5.0,,,,,,,,,weaponcrafting,35
dreadful_battleaxe,Dreadful Battleaxe,weapon,35,260.0,,20,,65,,,,,,,,,,,,,5,,,,,,,,,,3,,3,,,,,,,,,,,,,1,,,,,,,,,,60.0,,195.0,,,,,,,,,,,,,5.0,,,,,,,,,weaponcrafting,35
cursed_sceptre,Cursed Sceptre,weapon,35,251.0,,,82,,,,,,,,,,,,,,5,,,,,,,,,,,3,,,,,,,,,,,,,,1,,,,,,,,,,,246.0,,,,,,,,,,,,,,5.0,,,,,,,,,weaponcrafting,35
diamond_sword,Diamond Sword,weapon,35,249.0,,,,75,,,,,,,,,,,,,24,,,,,,,,,,,,3,,,,,,,,,,,,,1,,,,,,,,,,,,225.0,,,,,,,,,,,,,24.0,,,,,,,,,weaponcrafting,35
magic_bow,Magic Bow,weapon,35,218.0,47,,,14,,,,,,,,,,,,,35,,,,,,,,,3,,,3,,,,,,,,,,,,,1,,,,,,,,,141.0,,,42.0,,,,,,,,,,,,,35.0,,,,,,,,,weaponcrafting,35
sanguine_edge_of_rosen,Sanguine Edge of Rosen,weapon,40,305.0,,75,25,,,,,,,,,,,,,,5,,,,,,,,,,3,3,,,,,,,,,,,,,,1,,,,,,,,,,225.0,75.0,,,,,,,,,,,,,,5.0,,,,,,,,,,
mithril_sword,Mithril Sword,weapon,40,305.0,,,30,70,,,,,,,,,,,,,5,,,,,,,,,,,3,3,,,,,,,,,,,,,1,,,,,,,,,,,90.0,210.0,,,,,,,,,,,,,5.0,,,,,,,,,weaponcrafting,40
bloodblade,Bloodblade,weapon,40,305.0,30,,70,,,,,,,,,,,,,,5,,,,,,,,,3,,3,,,,,,,,,,,,,,1,,,,,,,,,90.0,,210.0,,,,,,,,,,,,,,5.0,,,,,,,,,weaponcrafting,40
wrathsword,Wrathsword,weapon,40,305.0,,70,,30,,,,,,,,,,,,,5,,,,,,,,,,3,,3,,,,,,,,,,,,,1,,,,,,,,,,210.0,,90.0,,,,,,,,,,,,,5.0,,,,,,,,,weaponcrafting,40
lightning_sword,Lightning Sword,weapon,40,251.0,50,22,,,,,,,,,,,,,,,35,,,,,,,,,3,3,,,,,,,,,,,,,,,1,,,,,,,,,150.0,66.0,,,,,,,,,,,,,,,35.0,,,,,,,,,weaponcrafting,40
mithril_axe,Mithril Axe,weapon,40,-35.0,,5,,,,,,,,,,,,,,,,,,,,,,,-50,,3,,,,,,,,,,,,,,,,,,,,,,,1,,15.0,,,,,,,,,,,,,,,,,,,,,,,-50.0,weaponcrafting,40
mithril_pickaxe,Mithril Pickaxe,weapon,40,-35.0,,5,,,,,,,,,,,,,,,,,,,-50,,,,,,3,,,,,,,,,,,,,,,,,,,1,,,,,,15.0,,,,,,,,,,,,,,,,,,,-50.0,,,,,weaponcrafting,40
mithril_fishing_rod,Mithril Fishing Rod,weapon,40,-35.0,,,,5,,,,,,,,,,,,,,-50,,,,,,,,,,,3,,,,,,,,,,,,,,1,,,,,,,,,,,15.0,,,,,,,,,,,,,,-50.0,,,,,,,,weaponcrafting,40
mithril_gloves,Mithril Gloves,weapon,40,-35.0,5,,,,,,,,,,,,,,,-50,,,,,,,,,,3,,,,,,,,,,,,,,,1,,,,,,,,,,15.0,,,,,,,,,,,,,,,-50.0,,,,,,,,,,weaponcrafting,40
hell_reaper,Hell Reaper,weapon,45,400.0,,,65,65,,,,,,,,,,,,,10,,,,,,,,,,,3,3,,,,,,,,,,,,,1,,,,,,,,,,,195.0,195.0,,,,,,,,,,,,,10.0,,,,,,,,,weaponcrafting,45
hell_staff,Hell Staff,weapon,45,350.0,,,,115,,,,,,,,,,,,,5,,,,,,,,,,,,3,,,,,,,,,,,,,1,,,,,,,,,,,,345.0,,,,,,,,,,,,,5.0,,,,,,,,,weaponcrafting,45
blade_of_hell,Blade of Hell,weapon,45,350.0,,115,,,,,,,,,,,,,,,5,,,,,,,,,,3,,,,,,,,,,,,,,,1,,,,,,,,,,345.0,,,,,,,,,,,,,,,5.0,,,,,,,,,weaponcrafting,45
bow_from_hell,Bow from Hell,weapon,45,342.0,106,,,,,,,,,,,,,,,,24,,,,,,,,,3,,,,,,,,,,,,,,,,1,,,,,,,,,318.0,,,,,,,,,,,,,,,,24.0,,,,,,,,,weaponcrafting,45
demoniac_dagger,Demoniac Dagger,weapon,45,290.0,,,85,,,,,,,,,,,,,,35,,,,,,,,,,,3,,,,,,,,,,,,,,1,,,,,,,,,,,255.0,,,,,,,,,,,,,,35.0,,,,,,,,,weaponcrafting,45
desert_whip,Desert Whip,weapon,50,380.0,,125,,,,,,,,,,,,,,,5,,,,,,,,,,3,,,,,,,,,,,,,,,1,,,,,,,,,,375.0,,,,,,,,,,,,,,,5.0,,,,,,,,,weaponcrafting,50
adamantite_sword,Adamantite Sword,weapon,50,369.0,115,,,,,,,,,,,,,,,,24,,,,,,,,,3,,,,,,,,,,,,,,,,1,,,,,,,,,345.0,,,,,,,,,,,,,,,,24.0,,,,,,,,,weaponcrafting,50
dust_sword,Dust Sword,weapon,50,350.0,,,115,,,,,,,,,,,,,,5,,,,,,,,,,,3,,,,,,,,,,,,,,1,,,,,,,,,,,345.0,,,,,,,,,,,,,,5.0,,,,,,,,,weaponcrafting,50
christmas_cane,Christmas Cane,weapon,50,350.0,,,,115,,,,,,,,,,,,,5,,,,,,,,,,,,3,,,,,,,,,,,,,1,,,,,,,,,,,,345.0,,,,,,,,,,,,,5.0,,,,,,,,,,
moonlight_staff,Moonlight Staff,weapon,50,323.0,,,,96,,,,,,,,,,,,,35,,,,,,,,,,,,3,,,,,,,,,,,,,1,,,,,,,,,,,,288.0,,,,,,,,,,,,,35.0,,,,,,,,,weaponcrafting,50
adamantite_axe,Adamantite Axe,weapon,50,-45.0,,5,,,,,,,,,,,,,,,,,,,,,,,-60,,3,,,,,,,,,,,,,,,,,,,,,,,1,,15.0,,,,,,,,,,,,,,,,,,,,,,,-60.0,weaponcrafting,50
adamantite_pickaxe,Adamantite Pickaxe,weapon,50,-45.0,,5,,,,,,,,,,,,,,,,,,,-60,,,,,,3,,,,,,,,,,,,,,,,,,,1,,,,,,15.0,,,,,,,,,,,,,,,,,,,-60.0,,,,,weaponcrafting,50
adamantite_fishing_rod,Adamantite Fishing Rod,weapon,50,-45.0,,,,5,,,,,,,,,,,,,,-60,,,,,,,,,,,3,,,,,,,,,,,,,,1,,,,,,,,,,,15.0,,,,,,,,,,,,,,-60.0,,,,,,,,weaponcrafting,50
adamantite_gloves,Adamantite Gloves,weapon,50,-45.0,5,,,,,,,,,,,,,,,-60,,,,,,,,,,3,,,,,,,,,,,,,,,1,,,,,,,,,,15.0,,,,,,,,,,,,,,,-60.0,,,,,,,,,,weaponcrafting,50
voidstone_axe,Voidstone Axe,weapon,50,-45.0,,5,,,,,,,,,,,,,,,,,,,,100,,,-70,,3,,,,,,,,,,,,,,,,,,,,0.1,,,1,,15.0,,,,,,,,,,,,,,,,,,,,10.0,,,-70.0,,
voidstone_gloves,Voidstone Gloves,weapon,50,-45.0,5,,,,,,,,,,,,,,,-70,,,,,,100,,,,3,,,,,,,,,,,,,,,1,,,,,,0.1,,,,15.0,,,,,,,,,,,,,,,-70.0,,,,,,10.0,,,,,
voidstone_fishing_rod,Voidstone Fishing Rod,weapon,50,-45.0,,,,5,,,,,,,,,,,,,,-70,,,,100,,,,,,,3,,,,,,,,,,,,,,1,,,,0.1,,,,,,,15.0,,,,,,,,,,,,,,-70.0,,,,10.0,,,,,
voidstone_pickaxe,Voidstone Pickaxe,weapon,50,-45.0,,5,,,,,,,,,,,,,,,,,,,-70,100,,,,,3,,,,,,,,,,,,,,,,,,,1,0.1,,,,,15.0,,,,,,,,,,,,,,,,,,,-70.0,10.0,,,,,
